mac,randsum,256,1024,5888,7936
mac,sumprefix,256,768,0,3072
mac,randsum,65536,8960,7936,1437952
mac,sumprefix,65536,3072,4864,881152
mac,randsum,1048576,5888,677888,27344128
mac,sumprefix,1048576,1024,596992,13028096
mac,randsum,4194304,7936,3777792,87249920
mac,sumprefix,4194304,1024,2500096,54638848
mac,randsum,256,1024,6144,8960
mac,sumprefix,256,1024,0,3072
mac,randsum,65536,8960,5888,1327104
mac,sumprefix,65536,1024,3840,773888
mac,randsum,1048576,7936,653056,21137152
mac,sumprefix,1048576,1024,668160,13271040
mac,randsum,4194304,9984,3799040,149861120
mac,sumprefix,4194304,1024,2427904,53166080
mac,randsum,256,1024,5888,7936
mac,sumprefix,256,0,1024,2816
mac,randsum,65536,8192,4864,1316864
mac,sumprefix,65536,1024,4864,764928
mac,randsum,1048576,6144,662016,21312768
mac,sumprefix,1048576,1024,626944,13326848
mac,randsum,4194304,8960,3852032,98179840
mac,sumprefix,4194304,768,2255872,52385024
mac,randsum,256,0,6912,8960
mac,sumprefix,256,0,1024,36096
mac,randsum,65536,14080,5120,1469952
mac,sumprefix,65536,1024,4096,763904
mac,randsum,1048576,7168,644096,20988928
mac,sumprefix,1048576,1024,659968,13035008
mac,randsum,4194304,7936,3533056,84976896
mac,sumprefix,4194304,1024,2318848,53382144
mac,randsum,256,1024,6144,7936
mac,sumprefix,256,0,0,4096
mac,randsum,65536,8960,3840,1312000
mac,sumprefix,65536,1024,5120,764160
mac,randsum,1048576,6912,647168,22039040
mac,sumprefix,1048576,768,611072,13062144
mac,randsum,4194304,6912,3858176,83523072
mac,sumprefix,4194304,1024,2332160,52271104
mac,randsum,256,1024,6144,8960
mac,sumprefix,256,0,0,3072
mac,randsum,65536,7936,3840,1299968
mac,sumprefix,65536,0,4096,763904
mac,randsum,1048576,6144,648960,20831744
mac,sumprefix,1048576,0,593920,13305856
mac,randsum,4194304,8192,4169984,83500800
mac,sumprefix,4194304,768,2600192,57903104
mac,randsum,256,0,6144,8960
mac,sumprefix,256,0,0,3072
mac,randsum,65536,8960,4864,1286912
mac,sumprefix,65536,0,5120,790016
mac,randsum,1048576,6912,630016,20777984
mac,sumprefix,1048576,1024,594944,12916992
mac,randsum,4194304,8960,3631104,94105856
mac,sumprefix,4194304,1024,2586112,52294912
mac,randsum,256,1024,6144,7936
mac,sumprefix,256,1024,0,3072
mac,randsum,65536,8960,4864,1313792
mac,sumprefix,65536,1024,3072,784896
mac,randsum,1048576,7936,655872,20844032
mac,sumprefix,1048576,1024,616960,13057024
mac,randsum,4194304,6912,4550912,83213056
mac,sumprefix,4194304,3072,2278912,54115072
mac,randsum,256,0,6912,9984
mac,sumprefix,256,0,1024,3840
mac,randsum,65536,8960,4096,1291008
mac,sumprefix,65536,768,3072,764160
mac,randsum,1048576,6912,727808,20830976
mac,sumprefix,1048576,1024,615936,13133056
mac,randsum,4194304,8960,3508992,85664000
mac,sumprefix,4194304,1024,2242048,52190976
mac,randsum,256,0,5888,8960
mac,sumprefix,256,0,1024,3840
mac,randsum,65536,8192,3072,1304832
mac,sumprefix,65536,0,5120,787968
mac,randsum,1048576,6912,711936,20990976
mac,sumprefix,1048576,1024,658944,16946176
mac,randsum,4194304,6144,3532032,84160768
mac,sumprefix,4194304,1024,2234112,52105984
mac,randsum,256,2048,13056,18944
mac,sumprefix,256,1024,1024,5120
mac,randsum,65536,24064,6144,1587968
mac,sumprefix,65536,1024,5888,764928
mac,randsum,1048576,11008,950016,21036032
slurm,randsum,256,512,256,9216
slurm,sumprefix,256,256,256,11520
slurm,randsum,65536,15104,63744,2758144
slurm,sumprefix,65536,9728,22016,1538560
slurm,randsum,1048576,24320,547328,32717568
slurm,sumprefix,1048576,9728,347904,16641024
slurm,randsum,4194304,13312,1760512,85960704
slurm,sumprefix,4194304,9728,1224192,68535808
slurm,randsum,256,512,256,10496
slurm,sumprefix,256,256,256,13312
slurm,randsum,65536,15616,60672,2889728
slurm,sumprefix,65536,8448,19968,1528832
slurm,randsum,1048576,16128,529152,32730368
slurm,sumprefix,1048576,8192,308992,16608000
slurm,randsum,4194304,12800,1770240,85439488
slurm,sumprefix,4194304,9472,1236224,68550144
slurm,randsum,256,1024,512,13568
slurm,sumprefix,256,256,256,16640
slurm,randsum,65536,22272,59392,3812352
slurm,sumprefix,65536,9216,20736,1562880
slurm,randsum,1048576,29184,534528,32787456
slurm,sumprefix,1048576,9472,311296,16974336
slurm,randsum,4194304,13056,1760256,85806336
slurm,sumprefix,4194304,10752,1227008,69679616
slurm,randsum,256,1024,512,14848
slurm,sumprefix,256,512,256,18432
slurm,randsum,65536,23296,54528,3328512
slurm,sumprefix,65536,8448,20224,1540352
slurm,randsum,1048576,15104,531456,32762880
slurm,sumprefix,1048576,18688,323840,16676608
slurm,randsum,4194304,13312,1756416,85528832
slurm,sumprefix,4194304,10496,1221888,68828416
slurm,randsum,256,1280,256,15872
slurm,sumprefix,256,256,256,20224
slurm,randsum,65536,25856,55552,2855680
slurm,sumprefix,65536,10496,22528,1520128
slurm,randsum,1048576,15872,532992,32708096
slurm,sumprefix,1048576,8704,327424,16608000
slurm,randsum,4194304,13056,1793280,85737472
slurm,sumprefix,4194304,9984,1220608,68361216
slurm,randsum,256,768,256,11264
slurm,sumprefix,256,512,256,14080
slurm,randsum,65536,18432,55296,3243264
slurm,sumprefix,65536,8960,21504,1526528
slurm,randsum,1048576,17408,521728,32673536
slurm,sumprefix,1048576,8704,335104,16604928
slurm,randsum,4194304,13824,1722112,85551616
slurm,sumprefix,4194304,10240,1230336,68499712
slurm,randsum,256,768,512,10240
slurm,sumprefix,256,256,0,12032
slurm,randsum,65536,15360,54784,2881536
slurm,sumprefix,65536,8448,20992,1540352
slurm,randsum,1048576,15104,536064,33092096
slurm,sumprefix,1048576,8704,307200,16797696
slurm,randsum,4194304,13568,1758464,86575616
slurm,sumprefix,4194304,9984,1153024,69158144
slurm,randsum,256,1024,256,16128
slurm,sumprefix,256,512,256,20480
slurm,randsum,65536,16384,61440,2651648
slurm,sumprefix,65536,10496,22784,1517056
slurm,randsum,1048576,16128,538880,32683264
slurm,sumprefix,1048576,8192,307200,16566528
slurm,randsum,4194304,15872,1798656,85380352
slurm,sumprefix,4194304,9728,1165312,68172288
slurm,randsum,256,768,256,10496
slurm,sumprefix,256,256,0,13312
slurm,randsum,65536,17920,59648,2702848
slurm,sumprefix,65536,11264,20992,1530112
slurm,randsum,1048576,16128,539136,32688640
slurm,sumprefix,1048576,8448,320512,16700928
slurm,randsum,4194304,15872,1768704,85748224
slurm,sumprefix,4194304,9984,1247232,68139520
slurm,randsum,256,1024,512,14592
slurm,sumprefix,256,512,256,18176
slurm,randsum,65536,23808,57088,3062784
slurm,sumprefix,65536,11008,20992,1521664
slurm,randsum,1048576,15872,535040,32704000
slurm,sumprefix,1048576,8448,302848,16559872
slurm,randsum,4194304,12544,1840128,85356032
slurm,sumprefix,4194304,9984,1161216,68351232
slurm,randsum,256,768,256,11264
slurm,sumprefix,256,256,256,14080
slurm,randsum,65536,17920,62208,3224320
slurm,sumprefix,65536,8704,20224,1521664
slurm,randsum,1048576,18432,528384,32702208
slurm,sumprefix,1048576,8960,301824,16559616
slurm,randsum,4194304,13312,1822720,85304064
slurm,sumprefix,4194304,10240,1265920,68183808
mac+vec,randsum,256,1024,7168,8960
mac+vec,sumprefix,256,13056,1024,4096
mac+vec,randsum,65536,15104,8960,1458944
mac+vec,sumprefix,65536,1024,8192,1293056
mac+vec,randsum,1048576,7936,979968,26309888
mac+vec,sumprefix,1048576,1024,594176,23275008
mac+vec,randsum,4194304,7936,3528960,95739136
mac+vec,sumprefix,4194304,3072,2484992,55574016
mac+vec,randsum,256,1024,11008,14080
mac+vec,sumprefix,256,1024,0,5120
mac+vec,randsum,65536,12032,9984,1359104
mac+vec,sumprefix,65536,1024,5888,864000
mac+vec,randsum,1048576,8960,761856,30209024
mac+vec,sumprefix,1048576,1024,577024,14275072
mac+vec,randsum,4194304,13824,4047872,119574016
mac+vec,sumprefix,4194304,1024,2434048,56549888
mac+vec,randsum,256,1024,7168,8960
mac+vec,sumprefix,256,0,0,3840
mac+vec,randsum,65536,8960,6912,1426176
mac+vec,sumprefix,65536,0,5888,794880
mac+vec,randsum,1048576,6912,654080,20959232
mac+vec,sumprefix,1048576,1024,604928,13372160
mac+vec,randsum,4194304,8192,3661056,87737856
mac+vec,sumprefix,4194304,8192,2331904,57359104
mac+vec,randsum,256,0,6912,11008
mac+vec,sumprefix,256,0,0,4096
mac+vec,randsum,65536,7936,6144,1505024
mac+vec,sumprefix,65536,1024,5120,779008
mac+vec,randsum,1048576,8192,538880,20739840
mac+vec,sumprefix,1048576,1024,582912,13019136
mac+vec,randsum,4194304,11008,3409920,84271104
mac+vec,sumprefix,4194304,3072,2531072,66137088
mac+vec,randsum,256,0,11008,13056
mac+vec,sumprefix,256,0,1024,4864
mac+vec,randsum,65536,18944,7936,1886208
mac+vec,sumprefix,65536,0,5120,1184000
mac+vec,randsum,1048576,8960,711936,23180032
mac+vec,sumprefix,1048576,1024,553984,14414080
mac+vec,randsum,4194304,9984,4078080,89007872
mac+vec,sumprefix,4194304,1024,2701824,52235008
mac+vec,randsum,256,0,7168,9984
mac+vec,sumprefix,256,0,0,3072
mac+vec,randsum,65536,9984,6144,1406976
mac+vec,sumprefix,65536,1024,5888,785920
mac+vec,randsum,1048576,8960,544000,20452096
mac+vec,sumprefix,1048576,1024,481024,12979968
mac+vec,randsum,4194304,9984,3833856,86873856
mac+vec,sumprefix,4194304,0,2138112,60176128
mac+vec,randsum,256,0,6144,8960
mac+vec,sumprefix,256,1024,2048,3072
mac+vec,randsum,65536,11008,6144,1288960
mac+vec,sumprefix,65536,1024,4864,776192
mac+vec,randsum,1048576,6912,596992,25008896
mac+vec,sumprefix,1048576,1024,468992,13515008
mac+vec,randsum,4194304,7168,4702976,85207808
mac+vec,sumprefix,4194304,2816,2423808,63186944
mac+vec,randsum,256,0,5888,8960
mac+vec,sumprefix,256,0,0,3072
mac+vec,randsum,65536,7936,2816,1280000
mac+vec,sumprefix,65536,1024,4096,792064
mac+vec,randsum,1048576,7168,777984,20449792
mac+vec,sumprefix,1048576,768,620800,17794048
mac+vec,randsum,4194304,9984,4054016,84285952
mac+vec,sumprefix,4194304,1024,2370048,55288064
mac+vec,randsum,256,0,5888,8960
mac+vec,sumprefix,256,768,0,3072
mac+vec,randsum,65536,7936,5888,1288192
mac+vec,sumprefix,65536,1024,3840,763904
mac+vec,randsum,1048576,7936,678144,21056000
mac+vec,sumprefix,1048576,19968,622080,14316032
mac+vec,randsum,4194304,8960,3842048,89289984
mac+vec,sumprefix,4194304,1024,2637056,66658816
slurm+vec,randsum,256,0,12032,13824
slurm+vec,sumprefix,256,0,1024,3840
slurm+vec,randsum,65536,13056,7168,1499904
slurm+vec,sumprefix,65536,1024,5888,774912
slurm+vec,randsum,1048576,8192,813824,24823808
slurm+vec,sumprefix,1048576,1024,572928,16210944
slurm+vec,randsum,4194304,11008,4875008,101057792
slurm+vec,sumprefix,4194304,2048,2675968,56688896
slurm+vec,randsum,256,1024,512,12288
slurm+vec,sumprefix,256,256,256,15104
slurm+vec,randsum,65536,19200,61696,3490560
slurm+vec,sumprefix,65536,8704,20736,1517056
slurm+vec,randsum,1048576,16384,530176,32691456
slurm+vec,sumprefix,1048576,8704,307968,16540928
slurm+vec,randsum,4194304,14080,1804544,85387776
slurm+vec,sumprefix,4194304,10240,1170688,68199168
slurm+vec,randsum,256,768,512,10752
slurm+vec,sumprefix,256,256,256,13056
slurm+vec,randsum,65536,15616,61440,3005184
slurm+vec,sumprefix,65536,11008,20736,1515776
slurm+vec,randsum,1048576,16128,523776,32653056
slurm+vec,sumprefix,1048576,8192,313600,16727296
slurm+vec,randsum,4194304,13824,1826304,85407488
slurm+vec,sumprefix,4194304,9472,1226752,68575488
slurm+vec,randsum,256,512,512,10496
slurm+vec,sumprefix,256,256,0,13312
slurm+vec,randsum,65536,17920,64512,3014912
slurm+vec,sumprefix,65536,9216,20480,1527296
slurm+vec,randsum,1048576,27136,548608,32669440
slurm+vec,sumprefix,1048576,8704,321024,16712448
slurm+vec,randsum,4194304,13568,1788160,85808640
slurm+vec,sumprefix,4194304,10240,1245184,68173312
slurm+vec,randsum,256,1024,512,15360
slurm+vec,sumprefix,256,512,256,18176
slurm+vec,randsum,65536,23296,58112,4072704
slurm+vec,sumprefix,65536,10496,22784,1539840
slurm+vec,randsum,1048576,16384,553216,32827904
slurm+vec,sumprefix,1048576,7936,296704,16702464
slurm+vec,randsum,4194304,15104,1754624,86222592
slurm+vec,sumprefix,4194304,10752,1169664,68606976
slurm+vec,randsum,256,1024,512,13312
slurm+vec,sumprefix,256,256,256,12288
slurm+vec,randsum,65536,15360,65280,2841344
slurm+vec,sumprefix,65536,8704,20992,1527808
slurm+vec,randsum,1048576,18176,523264,32687872
slurm+vec,sumprefix,1048576,8704,296960,16671744
slurm+vec,randsum,4194304,12800,1754880,85563136
slurm+vec,sumprefix,4194304,9472,1163520,68147456
slurm+vec,randsum,256,1536,256,26880
slurm+vec,sumprefix,256,512,256,13056
slurm+vec,randsum,65536,15616,59904,3040000
slurm+vec,sumprefix,65536,8448,22784,1519872
slurm+vec,randsum,1048576,18688,524800,32668160
slurm+vec,sumprefix,1048576,8960,309248,16586752
slurm+vec,randsum,4194304,13312,1778432,85364224
slurm+vec,sumprefix,4194304,11264,1171968,68267776
slurm+vec,randsum,256,1024,512,14848
slurm+vec,sumprefix,256,512,256,19200
slurm+vec,randsum,65536,22528,63744,3653376
slurm+vec,sumprefix,65536,9472,22016,1554176
slurm+vec,randsum,1048576,17920,527616,32659968
slurm+vec,sumprefix,1048576,9216,311040,16935936
slurm+vec,randsum,4194304,12544,1772544,85637376
slurm+vec,sumprefix,4194304,10240,1229568,69487360
slurm+vec,randsum,256,1024,256,12032
slurm+vec,sumprefix,256,512,256,15104
slurm+vec,randsum,65536,20224,59392,3464192
slurm+vec,sumprefix,65536,8448,20224,1530368
slurm+vec,randsum,1048576,16128,523520,32730624
slurm+vec,sumprefix,1048576,9216,304128,16690944
slurm+vec,randsum,4194304,13312,1706240,85400576
slurm+vec,sumprefix,4194304,9728,1170944,68682240
slurm+vec,randsum,256,1024,512,16128
slurm+vec,sumprefix,256,512,256,20480
slurm+vec,randsum,65536,17408,54784,2626560
slurm+vec,sumprefix,65536,8960,20480,1527296
slurm+vec,randsum,1048576,17152,522240,32674048
slurm+vec,sumprefix,1048576,8192,305152,16580864
slurm+vec,randsum,4194304,12800,1752832,85380608
slurm+vec,sumprefix,4194304,10496,1261568,68254208
slurm+vec,randsum,256,1024,256,13568
slurm+vec,sumprefix,256,256,256,16640
slurm+vec,randsum,65536,21248,59904,3532032
slurm+vec,sumprefix,65536,8448,19968,1519872
slurm+vec,randsum,1048576,18688,524544,32920832
slurm+vec,sumprefix,1048576,8960,301824,16573440
slurm+vec,randsum,4194304,13568,1736704,85405952
slurm+vec,sumprefix,4194304,10496,1168128,68177664
slurm+vec+opt,randsum,256,1024,256,12800
slurm+vec+opt,sumprefix,256,512,0,12288
slurm+vec+opt,randsum,65536,20224,58624,3410176
slurm+vec+opt,sumprefix,65536,10752,22784,1174784
slurm+vec+opt,randsum,1048576,16128,524800,29857536
slurm+vec+opt,sumprefix,1048576,8448,295424,13006848
slurm+vec+opt,randsum,4194304,13568,1742592,78268160
slurm+vec+opt,sumprefix,4194304,9728,1179136,53800704
slurm+vec+opt,randsum,256,512,256,9728
slurm+vec+opt,sumprefix,256,256,256,9728
slurm+vec+opt,randsum,65536,16128,58368,2762240
slurm+vec+opt,sumprefix,65536,8960,20736,1190144
slurm+vec+opt,randsum,1048576,15616,529664,29852672
slurm+vec+opt,sumprefix,1048576,8448,306176,12937472
slurm+vec+opt,randsum,4194304,13056,1762560,78165760
slurm+vec+opt,sumprefix,4194304,9984,1230848,53743872
slurm+vec+opt,randsum,256,512,256,9984
slurm+vec+opt,sumprefix,256,256,256,9728
slurm+vec+opt,randsum,65536,15616,60672,2787840
slurm+vec+opt,sumprefix,65536,8704,21504,1171712
slurm+vec+opt,randsum,1048576,17152,528640,29836800
slurm+vec+opt,sumprefix,1048576,8448,325120,12951296
slurm+vec+opt,randsum,4194304,12800,1752832,78254336
slurm+vec+opt,sumprefix,4194304,9472,1219584,53696768
slurm+vec+opt,randsum,256,768,256,11520
slurm+vec+opt,sumprefix,256,256,256,12032
slurm+vec+opt,randsum,65536,20224,56064,3156480
slurm+vec+opt,sumprefix,65536,8448,20480,1174528
slurm+vec+opt,randsum,1048576,16384,541696,29863168
slurm+vec+opt,sumprefix,1048576,8448,321024,12935168
slurm+vec+opt,randsum,4194304,13568,1729792,77984768
slurm+vec+opt,sumprefix,4194304,9472,1160960,54062080
slurm+vec+opt,randsum,256,512,256,11008
slurm+vec+opt,sumprefix,256,512,256,10752
slurm+vec+opt,randsum,65536,18432,62464,2724864
slurm+vec+opt,sumprefix,65536,9216,22016,1175552
slurm+vec+opt,randsum,1048576,16384,530176,29859584
slurm+vec+opt,sumprefix,1048576,8192,321792,12993280
slurm+vec+opt,randsum,4194304,12288,1733376,78269952
slurm+vec+opt,sumprefix,4194304,9984,1157120,53869568
slurm+vec+opt,randsum,256,1024,512,15616
slurm+vec+opt,sumprefix,256,512,256,15360
slurm+vec+opt,randsum,65536,24832,67584,3948544
slurm+vec+opt,sumprefix,65536,8704,22528,1183232
slurm+vec+opt,randsum,1048576,27136,529408,29831680
slurm+vec+opt,sumprefix,1048576,8704,318208,12971520
slurm+vec+opt,randsum,4194304,12800,1721600,77934848
slurm+vec+opt,sumprefix,4194304,10496,1216768,53554432
slurm+vec+opt,randsum,256,1024,512,16640
slurm+vec+opt,sumprefix,256,512,256,15360
slurm+vec+opt,randsum,65536,24320,59136,4059136
slurm+vec+opt,sumprefix,65536,8704,20736,1192192
slurm+vec+opt,randsum,1048576,15616,522240,31776256
slurm+vec+opt,sumprefix,1048576,8960,297728,13275904
slurm+vec+opt,randsum,4194304,12544,1709312,83074048
slurm+vec+opt,sumprefix,4194304,9216,1152768,54468352
slurm+vec+opt,randsum,256,512,512,9984
slurm+vec+opt,sumprefix,256,256,0,9728
slurm+vec+opt,randsum,65536,17408,60672,2729984
slurm+vec+opt,sumprefix,65536,8960,20992,1176832
slurm+vec+opt,randsum,1048576,16640,524288,29849344
slurm+vec+opt,sumprefix,1048576,8960,325376,12939008
slurm+vec+opt,randsum,4194304,13824,1769472,77985024
slurm+vec+opt,sumprefix,4194304,9984,1153024,54059520
slurm+vec+opt,randsum,256,512,256,10240
slurm+vec+opt,sumprefix,256,256,256,10240
slurm+vec+opt,randsum,65536,17152,62464,2745344
slurm+vec+opt,sumprefix,65536,9216,20736,1181952
slurm+vec+opt,randsum,1048576,27904,517888,29843712
slurm+vec+opt,sumprefix,1048576,9216,293888,13008128
slurm+vec+opt,randsum,4194304,12288,1767936,78041344
slurm+vec+opt,sumprefix,4194304,10496,1148416,54079488
slurm+vec+opt,randsum,256,768,256,9984
slurm+vec+opt,sumprefix,256,512,0,9728
slurm+vec+opt,randsum,65536,16640,56832,2787328
slurm+vec+opt,sumprefix,65536,8192,19456,1171968
slurm+vec+opt,randsum,1048576,15616,519168,29872896
slurm+vec+opt,sumprefix,1048576,8448,304896,13100032
slurm+vec+opt,randsum,4194304,13568,1705728,78759936
slurm+vec+opt,sumprefix,4194304,9728,1196800,53640704
mac+vec+opt,randsum,256,1024,5888,7936
mac+vec+opt,sumprefix,256,0,0,2048
mac+vec+opt,randsum,65536,8960,4864,1228032
mac+vec+opt,sumprefix,65536,0,7168,613888
mac+vec+opt,randsum,1048576,15872,685824,24624896
mac+vec+opt,sumprefix,1048576,1024,486144,10350848
mac+vec+opt,randsum,4194304,7168,5650944,79448064
mac+vec+opt,sumprefix,4194304,1024,2745088,42612992
mac+vec+opt,randsum,256,1024,6144,8960
mac+vec+opt,sumprefix,256,1024,0,1792
mac+vec+opt,randsum,65536,8960,5120,1190912
mac+vec+opt,sumprefix,65536,1024,4096,635136
mac+vec+opt,randsum,1048576,6912,601856,19316992
mac+vec+opt,sumprefix,1048576,1024,599040,10448896
mac+vec+opt,randsum,4194304,9984,4188160,76793088
mac+vec+opt,sumprefix,4194304,1024,2536960,43428096
mac+vec+opt,randsum,256,0,5888,8960
mac+vec+opt,sumprefix,256,1024,1024,2048
mac+vec+opt,randsum,65536,8960,4864,1202176
mac+vec+opt,sumprefix,65536,1024,4096,634880
mac+vec+opt,randsum,1048576,6912,648192,19145984
mac+vec+opt,sumprefix,1048576,1024,560128,10298112
mac+vec+opt,randsum,4194304,9984,3225088,77318912
mac+vec+opt,sumprefix,4194304,1024,2108928,41541120
mac+vec+opt,randsum,256,1024,5888,7936
mac+vec+opt,sumprefix,256,0,0,3072
mac+vec+opt,randsum,65536,7936,4096,1182976
mac+vec+opt,sumprefix,65536,0,3840,635136
mac+vec+opt,randsum,1048576,7168,538112,19100928
mac+vec+opt,sumprefix,1048576,768,728064,10535168
mac+vec+opt,randsum,4194304,9984,3045888,80308224
mac+vec+opt,sumprefix,4194304,1024,2326016,45209088
mac+vec+opt,randsum,256,1024,6144,8192
mac+vec+opt,sumprefix,256,1024,1024,2048
mac+vec+opt,randsum,65536,9216,3840,1197824
mac+vec+opt,sumprefix,65536,0,5120,613120
mac+vec+opt,randsum,1048576,9216,640000,19105024
mac+vec+opt,sumprefix,1048576,1024,640000,10498048
mac+vec+opt,randsum,4194304,7936,3812096,80657920
mac+vec+opt,sumprefix,4194304,1024,2309120,41255936
mac+vec+opt,randsum,256,1024,5888,7936
mac+vec+opt,sumprefix,256,0,0,2048
mac+vec+opt,randsum,65536,7936,3072,1181184
mac+vec+opt,sumprefix,65536,0,4096,613120
mac+vec+opt,randsum,1048576,7936,544000,19056128
mac+vec+opt,sumprefix,1048576,1024,490240,10331136
mac+vec+opt,randsum,4194304,8960,3074048,76726016
mac+vec+opt,sumprefix,4194304,0,2281984,41964032
mac+vec+opt,randsum,256,0,7168,11008
mac+vec+opt,sumprefix,256,1024,0,1792
mac+vec+opt,randsum,65536,8960,4096,1199104
mac+vec+opt,sumprefix,65536,1024,3072,630016
mac+vec+opt,randsum,1048576,7168,679168,19027968
mac+vec+opt,sumprefix,1048576,1024,474880,10486016
mac+vec+opt,randsum,4194304,8960,3860224,75976960
mac+vec+opt,sumprefix,4194304,1024,2381056,41507072
mac+vec+opt,randsum,256,1024,4864,7936
mac+vec+opt,sumprefix,256,0,1024,3072
mac+vec+opt,randsum,65536,7936,2816,1202176
mac+vec+opt,sumprefix,65536,0,5120,613888
mac+vec+opt,randsum,1048576,7936,637952,19217152
mac+vec+opt,sumprefix,1048576,0,562944,10312960
mac+vec+opt,randsum,4194304,9216,3936000,76966912
mac+vec+opt,sumprefix,4194304,1024,2297088,41478144
mac+vec+opt,randsum,256,1024,5888,9984
mac+vec+opt,sumprefix,256,0,1024,3072
mac+vec+opt,randsum,65536,8960,3072,1206016
mac+vec+opt,sumprefix,65536,0,3072,614144
mac+vec+opt,randsum,1048576,5888,642048,19122944
mac+vec+opt,sumprefix,1048576,1024,569856,10513920
mac+vec+opt,randsum,4194304,6912,3035904,76523008
mac+vec+opt,sumprefix,4194304,0,1871104,41689856
mac+vec+opt,randsum,256,1024,5888,7936
mac+vec+opt,sumprefix,256,0,768,2048
mac+vec+opt,randsum,65536,8960,4096,1184000
mac+vec+opt,sumprefix,65536,0,3072,613888
mac+vec+opt,randsum,1048576,6912,645120,19149056
mac+vec+opt,sumprefix,1048576,1024,567040,10447872
mac+vec+opt,randsum,4194304,8960,4046848,76156160
mac+vec+opt,sumprefix,4194304,1024,2315008,44107008
slurm+ompsimd,randsum,256,512,256,10240
slurm+ompsimd,sumprefix,256,512,256,12544
slurm+ompsimd,randsum,65536,16640,58368,2874368
slurm+ompsimd,sumprefix,65536,11520,21248,1556224
slurm+ompsimd,randsum,1048576,15872,529152,32845568
slurm+ompsimd,sumprefix,1048576,8448,292608,16963328
slurm+ompsimd,randsum,4194304,12288,1827072,86514944
slurm+ompsimd,sumprefix,4194304,9728,1165312,69842432
slurm+ompsimd,randsum,256,512,256,10496
slurm+ompsimd,sumprefix,256,256,256,13056
slurm+ompsimd,randsum,65536,15872,64768,2693632
slurm+ompsimd,sumprefix,65536,11264,22784,1557248
slurm+ompsimd,randsum,1048576,15360,534272,32868608
slurm+ompsimd,sumprefix,1048576,8192,300032,16870912
slurm+ompsimd,randsum,4194304,14592,1737472,86245376
slurm+ompsimd,sumprefix,4194304,9728,1166592,69378048
slurm+ompsimd,randsum,256,768,256,11776
slurm+ompsimd,sumprefix,256,512,256,13824
slurm+ompsimd,randsum,65536,18944,58880,3325440
slurm+ompsimd,sumprefix,65536,8960,20480,1548544
slurm+ompsimd,randsum,1048576,17408,521216,32876800
slurm+ompsimd,sumprefix,1048576,8192,311552,16998400
slurm+ompsimd,randsum,4194304,12288,1705472,86619904
slurm+ompsimd,sumprefix,4194304,9728,1219584,69245440
slurm+ompsimd,randsum,256,768,256,12544
slurm+ompsimd,sumprefix,256,256,256,15104
slurm+ompsimd,randsum,65536,19456,56576,3195392
slurm+ompsimd,sumprefix,65536,8448,20992,1615360
slurm+ompsimd,randsum,1048576,17920,519680,32946688
slurm+ompsimd,sumprefix,1048576,8192,307200,17542912
slurm+ompsimd,randsum,4194304,12544,1770240,86264064
slurm+ompsimd,sumprefix,4194304,10496,1227264,71282432
slurm+ompsimd,randsum,256,1024,512,15104
slurm+ompsimd,sumprefix,256,256,256,18944
slurm+ompsimd,randsum,65536,30208,54016,3129088
slurm+ompsimd,sumprefix,65536,11008,20480,1546496
slurm+ompsimd,randsum,1048576,15360,513024,32841216
slurm+ompsimd,sumprefix,1048576,8448,299520,16939776
slurm+ompsimd,randsum,4194304,13824,1706496,86189312
slurm+ompsimd,sumprefix,4194304,9728,1151232,69345280
slurm+ompsimd,randsum,256,768,512,13824
slurm+ompsimd,sumprefix,256,512,256,17920
slurm+ompsimd,randsum,65536,20736,56064,2899200
slurm+ompsimd,sumprefix,65536,8960,19456,1563648
slurm+ompsimd,randsum,1048576,16384,520192,32864768
slurm+ompsimd,sumprefix,1048576,8192,307968,16912128
slurm+ompsimd,randsum,4194304,13312,1742848,86069504
slurm+ompsimd,sumprefix,4194304,10240,1178368,69410560
slurm+ompsimd,randsum,256,768,512,12800
slurm+ompsimd,sumprefix,256,512,256,15360
slurm+ompsimd,randsum,65536,16640,59392,3070720
slurm+ompsimd,sumprefix,65536,9216,20480,1546496
slurm+ompsimd,randsum,1048576,15616,529664,32877568
slurm+ompsimd,sumprefix,1048576,8192,314624,16898816
slurm+ompsimd,randsum,4194304,14336,1736192,85982976
slurm+ompsimd,sumprefix,4194304,11008,1214208,69449216
slurm+ompsimd,randsum,256,768,256,16640
slurm+ompsimd,sumprefix,256,512,256,15872
slurm+ompsimd,randsum,65536,19968,55552,2435840
slurm+ompsimd,sumprefix,65536,8448,20736,1556480
slurm+ompsimd,randsum,1048576,15360,518144,32935680
slurm+ompsimd,sumprefix,1048576,8448,304640,16866560
slurm+ompsimd,randsum,4194304,13056,1776384,85996544
slurm+ompsimd,sumprefix,4194304,9984,1156864,69697536
slurm+ompsimd,randsum,256,768,512,13568
slurm+ompsimd,sumprefix,256,512,256,16896
slurm+ompsimd,randsum,65536,22528,76288,3823872
slurm+ompsimd,sumprefix,65536,9472,21504,1561088
slurm+ompsimd,randsum,1048576,24320,527104,32849664
slurm+ompsimd,sumprefix,1048576,8192,323840,16877056
slurm+ompsimd,randsum,4194304,13056,1779200,86415104
slurm+ompsimd,sumprefix,4194304,10240,1252608,69441280
slurm+ompsimd,randsum,256,768,512,11008
slurm+ompsimd,sumprefix,256,256,256,13824
slurm+ompsimd,randsum,65536,17408,68352,2967808
slurm+ompsimd,sumprefix,65536,8704,19712,1566720
slurm+ompsimd,randsum,1048576,26624,539392,32873472
slurm+ompsimd,sumprefix,1048576,8448,302080,16910336
slurm+ompsimd,randsum,4194304,13056,1817600,86005248
slurm+ompsimd,sumprefix,4194304,9728,1153024,69666816
mac+ompsimd,randsum,256,1024,6912,1360896
mac+ompsimd,sumprefix,256,1024,0,3072
mac+ompsimd,randsum,65536,9984,13824,1506816
mac+ompsimd,sumprefix,65536,1792,4864,974080
mac+ompsimd,randsum,1048576,7936,695040,21227008
mac+ompsimd,sumprefix,1048576,768,626176,13328128
mac+ompsimd,randsum,4194304,8192,3589888,86672896
mac+ompsimd,sumprefix,4194304,1024,2305024,50217216
mac+ompsimd,randsum,256,0,5120,715008
mac+ompsimd,sumprefix,256,0,1024,4096
mac+ompsimd,randsum,65536,8960,5888,1278976
mac+ompsimd,sumprefix,65536,1024,5120,777984
mac+ompsimd,randsum,1048576,7936,642048,21430016
mac+ompsimd,sumprefix,1048576,1024,590848,12837888
mac+ompsimd,randsum,4194304,7936,3679232,84007936
mac+ompsimd,sumprefix,4194304,1024,2265856,49389824
mac+ompsimd,randsum,256,0,4864,718080
mac+ompsimd,sumprefix,256,1024,1024,2816
mac+ompsimd,randsum,65536,8960,6144,1297920
mac+ompsimd,sumprefix,65536,1024,3840,766208
mac+ompsimd,randsum,1048576,8192,540928,20963840
mac+ompsimd,sumprefix,1048576,1024,471808,12376064
mac+ompsimd,randsum,4194304,7168,3586048,83731968
mac+ompsimd,sumprefix,4194304,1024,2533888,49306880
mac+ompsimd,randsum,256,1024,5120,736000
mac+ompsimd,sumprefix,256,1024,1024,3072
mac+ompsimd,randsum,65536,8960,5888,1300992
mac+ompsimd,sumprefix,65536,768,4096,766208
mac+ompsimd,randsum,1048576,6912,541952,20606208
mac+ompsimd,sumprefix,1048576,0,562176,12724992
mac+ompsimd,randsum,4194304,6912,3481088,83099904
mac+ompsimd,sumprefix,4194304,1024,2513152,49308928
mac+ompsimd,randsum,256,0,5120,718080
mac+ompsimd,sumprefix,256,1024,0,3072
mac+ompsimd,randsum,65536,7936,5120,1283840
mac+ompsimd,sumprefix,65536,1024,3840,762880
mac+ompsimd,randsum,1048576,7168,642816,20946944
mac+ompsimd,sumprefix,1048576,0,484096,12634112
mac+ompsimd,randsum,4194304,6912,4065024,83272960
mac+ompsimd,sumprefix,4194304,1024,2540800,49332992
mac+ompsimd,randsum,256,0,6144,725760
mac+ompsimd,sumprefix,256,0,1024,3072
mac+ompsimd,randsum,65536,8192,3840,1303808
mac+ompsimd,sumprefix,65536,1024,6144,738816
mac+ompsimd,randsum,1048576,7936,642048,20788992
mac+ompsimd,sumprefix,1048576,1024,468992,12393984
mac+ompsimd,randsum,4194304,6912,4414976,85825024
mac+ompsimd,sumprefix,4194304,1024,2262016,51269120
mac+ompsimd,randsum,256,0,5120,741120
mac+ompsimd,sumprefix,256,1024,1024,3072
mac+ompsimd,randsum,65536,7936,3840,1298176
mac+ompsimd,sumprefix,65536,0,4096,756992
mac+ompsimd,randsum,1048576,5888,541952,20677120
mac+ompsimd,sumprefix,1048576,0,473856,12342016
mac+ompsimd,randsum,4194304,9216,3373056,83834880
mac+ompsimd,sumprefix,4194304,1024,2194944,49270016
mac+ompsimd,randsum,256,1024,5120,726784
mac+ompsimd,sumprefix,256,1024,1024,3072
mac+ompsimd,randsum,65536,8192,5120,1288960
mac+ompsimd,sumprefix,65536,0,3072,761856
mac+ompsimd,randsum,1048576,6912,538880,20542976
mac+ompsimd,sumprefix,1048576,1024,474112,12395008
mac+ompsimd,randsum,4194304,8192,3430144,83288832
mac+ompsimd,sumprefix,4194304,1024,2177024,50004992
mac+ompsimd,randsum,256,0,5120,724992
mac+ompsimd,sumprefix,256,0,0,4096
mac+ompsimd,randsum,65536,7936,4864,1305856
mac+ompsimd,sumprefix,65536,0,4096,765184
mac+ompsimd,randsum,1048576,6912,566016,20635136
mac+ompsimd,sumprefix,1048576,1024,474112,12356096
mac+ompsimd,randsum,4194304,7168,3330048,83714816
mac+ompsimd,sumprefix,4194304,1024,2138112,49572864
mac+ompsimd,randsum,256,0,4864,711936
mac+ompsimd,sumprefix,256,0,0,4096
mac+ompsimd,randsum,65536,7936,5888,1291008
mac+ompsimd,sumprefix,65536,1024,5120,755968
mac+ompsimd,randsum,1048576,14848,540928,24124160
mac+ompsimd,sumprefix,1048576,768,471040,12467200
mac+ompsimd,randsum,4194304,8192,3631104,83571968
mac+ompsimd,sumprefix,4194304,1024,2166016,56033024
mac+ompsimd+vec+opt,randsum,256,1024,11008,2278144
mac+ompsimd+vec+opt,sumprefix,256,1024,2048,6912
mac+ompsimd+vec+opt,randsum,65536,45824,8960,2636032
mac+ompsimd+vec+opt,sumprefix,65536,0,4096,644096
mac+ompsimd+vec+opt,randsum,1048576,6144,646144,19262976
mac+ompsimd+vec+opt,sumprefix,1048576,1024,581120,12244992
mac+ompsimd+vec+opt,randsum,4194304,7168,3582208,77556992
mac+ompsimd+vec+opt,sumprefix,4194304,1024,2286848,42753024
mac+ompsimd+vec+opt,randsum,256,0,5120,728064
mac+ompsimd+vec+opt,sumprefix,256,0,0,4096
mac+ompsimd+vec+opt,randsum,65536,7936,3072,1185024
mac+ompsimd+vec+opt,sumprefix,65536,0,4096,634880
mac+ompsimd+vec+opt,randsum,1048576,7168,635136,19234816
mac+ompsimd+vec+opt,sumprefix,1048576,0,638976,10659072
mac+ompsimd+vec+opt,randsum,4194304,8960,3662080,77936896
mac+ompsimd+vec+opt,sumprefix,4194304,1024,2595072,42946048
mac+ompsimd+vec+opt,randsum,256,1024,5120,724992
mac+ompsimd+vec+opt,sumprefix,256,0,0,3072
mac+ompsimd+vec+opt,randsum,65536,7936,3072,1192960
mac+ompsimd+vec+opt,sumprefix,65536,1024,2816,633856
mac+ompsimd+vec+opt,randsum,1048576,7168,578048,19500800
mac+ompsimd+vec+opt,sumprefix,1048576,1024,512000,10683136
mac+ompsimd+vec+opt,randsum,4194304,7936,6534912,77491200
mac+ompsimd+vec+opt,sumprefix,4194304,1024,2249216,43080192
mac+ompsimd+vec+opt,randsum,256,0,4864,719104
mac+ompsimd+vec+opt,sumprefix,256,1024,1024,2816
mac+ompsimd+vec+opt,randsum,65536,9216,4096,1192960
mac+ompsimd+vec+opt,sumprefix,65536,0,2048,636160
mac+ompsimd+vec+opt,randsum,1048576,7168,668160,19174912
mac+ompsimd+vec+opt,sumprefix,1048576,1024,2418176,10872064
mac+ompsimd+vec+opt,randsum,4194304,11008,3564032,78136832
mac+ompsimd+vec+opt,sumprefix,4194304,2048,2566144,42752000
mac+ompsimd+vec+opt,randsum,256,1024,5120,724992
mac+ompsimd+vec+opt,sumprefix,256,0,1024,3072
mac+ompsimd+vec+opt,randsum,65536,7936,3840,1190144
mac+ompsimd+vec+opt,sumprefix,65536,0,2048,636160
mac+ompsimd+vec+opt,randsum,1048576,5888,617984,19343104
mac+ompsimd+vec+opt,sumprefix,1048576,768,570112,10669056
mac+ompsimd+vec+opt,randsum,4194304,7936,3559936,77302016
mac+ompsimd+vec+opt,sumprefix,4194304,1024,2232064,43188992
mac+ompsimd+vec+opt,randsum,256,0,5120,718080
mac+ompsimd+vec+opt,sumprefix,256,1024,0,3072
mac+ompsimd+vec+opt,randsum,65536,7936,3840,1182976
mac+ompsimd+vec+opt,sumprefix,65536,1024,3840,635904
mac+ompsimd+vec+opt,randsum,1048576,7936,538112,19130112
mac+ompsimd+vec+opt,sumprefix,1048576,0,534016,10908928
mac+ompsimd+vec+opt,randsum,4194304,7936,3534080,77323008
mac+ompsimd+vec+opt,sumprefix,4194304,1024,3688960,42682880
mac+ompsimd+vec+opt,randsum,256,0,5120,729088
mac+ompsimd+vec+opt,sumprefix,256,1024,0,3072
mac+ompsimd+vec+opt,randsum,65536,7936,3840,1188096
mac+ompsimd+vec+opt,sumprefix,65536,0,3072,635904
mac+ompsimd+vec+opt,randsum,1048576,7168,534016,19052032
mac+ompsimd+vec+opt,sumprefix,1048576,1024,472064,10670080
mac+ompsimd+vec+opt,randsum,4194304,7936,3963904,76880128
mac+ompsimd+vec+opt,sumprefix,4194304,768,2252032,42709248
mac+ompsimd+vec+opt,randsum,256,0,4864,715008
mac+ompsimd+vec+opt,sumprefix,256,0,1024,2816
mac+ompsimd+vec+opt,randsum,65536,8192,3072,1197824
mac+ompsimd+vec+opt,sumprefix,65536,1024,3840,633856
mac+ompsimd+vec+opt,randsum,1048576,5120,537856,19831808
mac+ompsimd+vec+opt,sumprefix,1048576,1024,471040,10663936
mac+ompsimd+vec+opt,randsum,4194304,5888,6678016,77863168
mac+ompsimd+vec+opt,sumprefix,4194304,1024,2320128,42802176
mac+ompsimd+vec+opt,randsum,256,0,5888,872960
mac+ompsimd+vec+opt,sumprefix,256,0,0,3072
mac+ompsimd+vec+opt,randsum,65536,7936,4864,1187072
mac+ompsimd+vec+opt,sumprefix,65536,1024,5888,636928
mac+ompsimd+vec+opt,randsum,1048576,9216,542976,22482944
mac+ompsimd+vec+opt,sumprefix,1048576,1024,590080,10679040
mac+ompsimd+vec+opt,randsum,4194304,9984,3627776,77026048
mac+ompsimd+vec+opt,sumprefix,4194304,1024,3112960,42686208
mac+ompsimd+vec+opt,randsum,256,0,5120,731136
mac+ompsimd+vec+opt,sumprefix,256,0,0,2816
mac+ompsimd+vec+opt,randsum,65536,8960,3072,1196032
mac+ompsimd+vec+opt,sumprefix,65536,1024,3072,635904
mac+ompsimd+vec+opt,randsum,1048576,6144,540160,19013888
mac+ompsimd+vec+opt,sumprefix,1048576,0,472064,10710016
mac+ompsimd+vec+opt,randsum,4194304,8960,3602944,77536000
mac+ompsimd+vec+opt,sumprefix,4194304,1024,2575104,42672128
slurm+ompsimd+vec+opt,randsum,256,768,256,12032
slurm+ompsimd+vec+opt,sumprefix,256,256,256,11776
slurm+ompsimd+vec+opt,randsum,65536,19456,63744,3238144
slurm+ompsimd+vec+opt,sumprefix,65536,11520,20224,1191168
slurm+ompsimd+vec+opt,randsum,1048576,15360,528384,32716288
slurm+ompsimd+vec+opt,sumprefix,1048576,7936,325376,12953344
slurm+ompsimd+vec+opt,randsum,4194304,12800,1794048,85531648
slurm+ompsimd+vec+opt,sumprefix,4194304,9472,1242368,53820160
slurm+ompsimd+vec+opt,randsum,256,768,256,13568
slurm+ompsimd+vec+opt,sumprefix,256,256,256,12032
slurm+ompsimd+vec+opt,randsum,65536,20224,60160,3049728
slurm+ompsimd+vec+opt,sumprefix,65536,8960,22016,1177600
slurm+ompsimd+vec+opt,randsum,1048576,23808,526080,32568832
slurm+ompsimd+vec+opt,sumprefix,1048576,8448,314112,12965632
slurm+ompsimd+vec+opt,randsum,4194304,13824,1753088,85627136
slurm+ompsimd+vec+opt,sumprefix,4194304,9984,1181184,53892352
slurm+ompsimd+vec+opt,randsum,256,768,256,11008
slurm+ompsimd+vec+opt,sumprefix,256,256,0,10496
slurm+ompsimd+vec+opt,randsum,65536,18432,70400,3032320
slurm+ompsimd+vec+opt,sumprefix,65536,9472,21504,1192192
slurm+ompsimd+vec+opt,randsum,1048576,24064,522752,32620800
slurm+ompsimd+vec+opt,sumprefix,1048576,8448,312320,12975104
slurm+ompsimd+vec+opt,randsum,4194304,13568,1792512,85534976
slurm+ompsimd+vec+opt,sumprefix,4194304,10752,1160448,53875968
slurm+ompsimd+vec+opt,randsum,256,768,256,15616
slurm+ompsimd+vec+opt,sumprefix,256,768,256,11520
slurm+ompsimd+vec+opt,randsum,65536,19968,64000,3038976
slurm+ompsimd+vec+opt,sumprefix,65536,8960,22272,1179648
slurm+ompsimd+vec+opt,randsum,1048576,23296,521472,32584704
slurm+ompsimd+vec+opt,sumprefix,1048576,8192,295680,13067520
slurm+ompsimd+vec+opt,randsum,4194304,12800,1756672,85611008
slurm+ompsimd+vec+opt,sumprefix,4194304,10240,1170688,54039296
slurm+ompsimd+vec+opt,randsum,256,768,512,15360
slurm+ompsimd+vec+opt,sumprefix,256,512,256,14592
slurm+ompsimd+vec+opt,randsum,65536,24832,62976,3258112
slurm+ompsimd+vec+opt,sumprefix,65536,11008,23040,1187584
slurm+ompsimd+vec+opt,randsum,1048576,15616,532480,32616704
slurm+ompsimd+vec+opt,sumprefix,1048576,10240,302080,13014272
slurm+ompsimd+vec+opt,randsum,4194304,12800,1809408,85495040
slurm+ompsimd+vec+opt,sumprefix,4194304,10496,1164288,53783808
slurm+ompsimd+vec+opt,randsum,256,768,256,12032
slurm+ompsimd+vec+opt,sumprefix,256,256,256,18432
slurm+ompsimd+vec+opt,randsum,65536,19712,59904,3166208
slurm+ompsimd+vec+opt,sumprefix,65536,8960,19712,1178112
slurm+ompsimd+vec+opt,randsum,1048576,16128,526336,32644096
slurm+ompsimd+vec+opt,sumprefix,1048576,9472,301056,13066752
slurm+ompsimd+vec+opt,randsum,4194304,13056,1726720,85258752
slurm+ompsimd+vec+opt,sumprefix,4194304,10240,1150208,53794560
slurm+ompsimd+vec+opt,randsum,256,512,256,12544
slurm+ompsimd+vec+opt,sumprefix,256,512,0,10752
slurm+ompsimd+vec+opt,randsum,65536,20480,60416,2926848
slurm+ompsimd+vec+opt,sumprefix,65536,9216,23552,1181184
slurm+ompsimd+vec+opt,randsum,1048576,16384,516096,32611328
slurm+ompsimd+vec+opt,sumprefix,1048576,8960,322816,13150208
slurm+ompsimd+vec+opt,randsum,4194304,12544,1733632,85385728
slurm+ompsimd+vec+opt,sumprefix,4194304,10240,1213952,53786624
slurm+ompsimd+vec+opt,randsum,256,512,256,9984
slurm+ompsimd+vec+opt,sumprefix,256,256,256,9216
slurm+ompsimd+vec+opt,randsum,65536,17408,59904,2705408
slurm+ompsimd+vec+opt,sumprefix,65536,11776,25856,1188352
slurm+ompsimd+vec+opt,randsum,1048576,18432,525312,32629248
slurm+ompsimd+vec+opt,sumprefix,1048576,9472,305664,13014528
slurm+ompsimd+vec+opt,randsum,4194304,13056,1756672,85309952
slurm+ompsimd+vec+opt,sumprefix,4194304,9728,1163008,53833472
slurm+ompsimd+vec+opt,randsum,256,768,512,15872
slurm+ompsimd+vec+opt,sumprefix,256,512,256,14848
slurm+ompsimd+vec+opt,randsum,65536,19200,64256,3041536
slurm+ompsimd+vec+opt,sumprefix,65536,11008,27392,1201664
slurm+ompsimd+vec+opt,randsum,1048576,22016,524032,32648192
slurm+ompsimd+vec+opt,sumprefix,1048576,7936,322304,13063424
slurm+ompsimd+vec+opt,randsum,4194304,14080,1741312,86021120
slurm+ompsimd+vec+opt,sumprefix,4194304,9728,1234432,53875456
slurm+ompsimd+vec+opt,randsum,256,512,256,11264
slurm+ompsimd+vec+opt,sumprefix,256,256,0,10496
slurm+ompsimd+vec+opt,randsum,65536,18176,60672,3006720
slurm+ompsimd+vec+opt,sumprefix,65536,10496,22272,1175808
slurm+ompsimd+vec+opt,randsum,1048576,14848,523264,32601600
slurm+ompsimd+vec+opt,sumprefix,1048576,8192,318208,12941824
slurm+ompsimd+vec+opt,randsum,4194304,13056,1752832,85324288
slurm+ompsimd+vec+opt,sumprefix,4194304,9216,1219072,53873664
mac+omppfor,randsum,256,0,9216,1021952
mac+omppfor,sumprefix,256,2048,768,8960
mac+omppfor,randsum,65536,12032,6912,1009920
mac+omppfor,sumprefix,65536,0,16896,1263872
mac+omppfor,randsum,1048576,24832,677120,20914176
mac+omppfor,sumprefix,1048576,1024,687872,20195840
mac+omppfor,randsum,4194304,10240,4604928,65081856
mac+omppfor,sumprefix,4194304,1024,2299136,99288832
mac+omppfor,randsum,256,0,8192,843008
mac+omppfor,sumprefix,256,0,0,8192
mac+omppfor,randsum,65536,11008,5888,1008128
mac+omppfor,sumprefix,65536,1024,6144,1252096
mac+omppfor,randsum,1048576,9984,673024,17652992
mac+omppfor,sumprefix,1048576,1024,681984,20567040
mac+omppfor,randsum,4194304,9984,3041024,95865856
mac+omppfor,sumprefix,4194304,0,2076160,80294912
mac+omppfor,randsum,256,1024,7936,864000
mac+omppfor,sumprefix,256,9216,768,7936
mac+omppfor,randsum,65536,9984,4864,1004032
mac+omppfor,sumprefix,65536,1024,5120,1272064
mac+omppfor,randsum,1048576,9984,1051136,17304064
mac+omppfor,sumprefix,1048576,1024,505088,27073024
mac+omppfor,randsum,4194304,6912,3062016,64011008
mac+omppfor,sumprefix,4194304,1024,1898752,79500032
mac+omppfor,randsum,256,768,7936,850176
mac+omppfor,sumprefix,256,1024,1024,7936
mac+omppfor,randsum,65536,11008,6144,1005824
mac+omppfor,sumprefix,65536,1024,5120,1245952
mac+omppfor,randsum,1048576,9984,569088,16257024
mac+omppfor,sumprefix,1048576,0,482816,19996160
mac+omppfor,randsum,4194304,8960,3025920,63276032
mac+omppfor,sumprefix,4194304,1024,2223872,80780032
mac+omppfor,randsum,256,8960,14080,1265920
mac+omppfor,sumprefix,256,13056,1024,40960
mac+omppfor,randsum,65536,12032,6912,1812992
mac+omppfor,sumprefix,65536,1024,5888,1249024
mac+omppfor,randsum,1048576,9984,680192,16136192
mac+omppfor,sumprefix,1048576,0,538112,19900160
mac+omppfor,randsum,4194304,7936,3266048,63860224
mac+omppfor,sumprefix,4194304,0,2494976,80706048
mac+omppfor,randsum,256,1024,8960,855040
mac+omppfor,sumprefix,256,0,0,7936
mac+omppfor,randsum,65536,12032,5888,996096
mac+omppfor,sumprefix,65536,1024,4096,1533952
mac+omppfor,randsum,1048576,9216,568064,15932928
mac+omppfor,sumprefix,1048576,1024,541952,20261120
mac+omppfor,randsum,4194304,8960,3412992,67176960
mac+omppfor,sumprefix,4194304,768,2713088,81364224
mac+omppfor,randsum,256,0,8960,993024
mac+omppfor,sumprefix,256,768,1024,23040
mac+omppfor,randsum,65536,19968,6912,1860096
mac+omppfor,sumprefix,65536,0,4864,1263104
mac+omppfor,randsum,1048576,8960,716032,15962880
mac+omppfor,sumprefix,1048576,1024,598016,20409088
mac+omppfor,randsum,4194304,9984,4089088,67753984
mac+omppfor,sumprefix,4194304,1024,2569984,80601088
mac+omppfor,randsum,256,1024,7936,847104
mac+omppfor,sumprefix,256,1024,0,6912
mac+omppfor,randsum,65536,12032,6912,1008128
mac+omppfor,sumprefix,65536,1024,4096,1267968
mac+omppfor,randsum,1048576,9984,666880,16555008
mac+omppfor,sumprefix,1048576,1024,623104,24263936
mac+omppfor,randsum,4194304,9984,4114944,67520000
mac+omppfor,sumprefix,4194304,1024,2585088,81334016
mac+omppfor,randsum,256,0,7936,840960
mac+omppfor,sumprefix,256,0,0,7936
mac+omppfor,randsum,65536,11008,6144,997888
mac+omppfor,sumprefix,65536,1024,3072,1253888
mac+omppfor,randsum,1048576,7936,666112,19072000
mac+omppfor,sumprefix,1048576,1024,592128,20188928
mac+omppfor,randsum,4194304,8960,3206144,63799040
mac+omppfor,sumprefix,4194304,1024,2482176,84773120
mac+omppfor,randsum,256,1024,8960,891136
mac+omppfor,sumprefix,256,7936,0,8192
mac+omppfor,randsum,65536,9984,4864,1010176
mac+omppfor,sumprefix,65536,1024,4096,1233920
mac+omppfor,randsum,1048576,7936,670976,16413184
mac+omppfor,sumprefix,1048576,0,584960,20082944
mac+omppfor,randsum,4194304,9984,3991040,63948800
mac+omppfor,sumprefix,4194304,1024,2455808,79608064
mac+omppfor+opt,randsum,256,41984,12032,1978112
mac+omppfor+opt,sumprefix,256,1024,3072,46080
mac+omppfor+opt,randsum,65536,50944,7936,1453056
mac+omppfor+opt,sumprefix,65536,1024,5888,1210112
mac+omppfor+opt,randsum,1048576,11008,715008,20008960
mac+omppfor+opt,sumprefix,1048576,1024,491008,25956096
mac+omppfor+opt,randsum,4194304,9216,3140096,60322816
mac+omppfor+opt,sumprefix,4194304,1024,1896192,105757952
mac+omppfor+opt,randsum,256,0,7936,845056
mac+omppfor+opt,sumprefix,256,1024,0,8960
mac+omppfor+opt,randsum,65536,11008,5120,855040
mac+omppfor+opt,sumprefix,65536,1024,5888,1601024
mac+omppfor+opt,randsum,1048576,11008,667136,16129792
mac+omppfor+opt,sumprefix,1048576,768,495104,25920000
mac+omppfor+opt,randsum,4194304,8960,13513984,60275968
mac+omppfor+opt,sumprefix,4194304,1024,2600960,97996800
mac+omppfor+opt,randsum,256,768,8960,1011200
mac+omppfor+opt,sumprefix,256,768,0,24064
mac+omppfor+opt,randsum,65536,19968,6144,1180160
mac+omppfor+opt,sumprefix,65536,1024,6912,1801984
mac+omppfor+opt,randsum,1048576,14080,562176,19127040
mac+omppfor+opt,sumprefix,1048576,1024,600064,26667008
mac+omppfor+opt,randsum,4194304,8960,4729088,61468928
mac+omppfor+opt,sumprefix,4194304,1024,2157056,112794880
mac+omppfor+opt,randsum,256,1024,8960,1494016
mac+omppfor+opt,sumprefix,256,9984,0,39168
mac+omppfor+opt,randsum,65536,12032,6912,1195008
mac+omppfor+opt,sumprefix,65536,0,7168,1826048
mac+omppfor+opt,randsum,1048576,11008,558848,19559936
mac+omppfor+opt,sumprefix,1048576,1024,478976,25824000
mac+omppfor+opt,randsum,4194304,8192,3109888,57932800
mac+omppfor+opt,sumprefix,4194304,0,2807808,106765056
mac+omppfor+opt,randsum,256,15104,13056,1531904
mac+omppfor+opt,sumprefix,256,1024,1024,68096
mac+omppfor+opt,randsum,65536,13824,5888,7789056
mac+omppfor+opt,sumprefix,65536,1024,5888,2306816
mac+omppfor+opt,randsum,1048576,9984,566016,19984896
mac+omppfor+opt,sumprefix,1048576,1024,488192,28100096
mac+omppfor+opt,randsum,4194304,8960,4514048,60606976
mac+omppfor+opt,sumprefix,4194304,768,1944064,112738048
mac+omppfor+opt,randsum,256,1024,7936,836096
mac+omppfor+opt,sumprefix,256,0,0,8960
mac+omppfor+opt,randsum,65536,11776,6912,822016
mac+omppfor+opt,sumprefix,65536,0,4864,1691904
mac+omppfor+opt,randsum,1048576,10240,630784,15638784
mac+omppfor+opt,sumprefix,1048576,1024,578048,28954880
mac+omppfor+opt,randsum,4194304,7936,3058944,51433984
mac+omppfor+opt,sumprefix,4194304,0,2166016,103322112
mac+omppfor+opt,randsum,256,0,8960,863232
mac+omppfor+opt,sumprefix,256,0,1024,9984
mac+omppfor+opt,randsum,65536,11008,7168,859904
mac+omppfor+opt,sumprefix,65536,1024,5120,10482944
mac+omppfor+opt,randsum,1048576,10752,844032,27385088
mac+omppfor+opt,sumprefix,1048576,1024,481024,32173056
mac+omppfor+opt,randsum,4194304,6912,4638976,56435968
mac+omppfor+opt,sumprefix,4194304,768,2490112,126341120
mac+omppfor+opt,randsum,256,1024,7936,855040
mac+omppfor+opt,sumprefix,256,1024,768,8960
mac+omppfor+opt,randsum,65536,11008,4864,846080
mac+omppfor+opt,sumprefix,65536,1024,3072,1622016
mac+omppfor+opt,randsum,1048576,5888,670976,13978880
mac+omppfor+opt,sumprefix,1048576,768,571136,26171136
mac+omppfor+opt,randsum,4194304,6912,3065088,55936000
mac+omppfor+opt,sumprefix,4194304,0,2125824,134994944
mac+omppfor+opt,randsum,256,0,8192,824064
mac+omppfor+opt,sumprefix,256,1024,0,8960
mac+omppfor+opt,randsum,65536,11008,4096,818944
mac+omppfor+opt,sumprefix,65536,768,4096,1658112
mac+omppfor+opt,randsum,1048576,8192,674048,13140992
mac+omppfor+opt,sumprefix,1048576,1024,477952,25700864
mac+omppfor+opt,randsum,4194304,7936,3025920,53284096
mac+omppfor+opt,sumprefix,4194304,1024,2190848,103277056
mac+omppfor+opt,randsum,256,0,12032,1296896
mac+omppfor+opt,sumprefix,256,1024,1024,29952
mac+omppfor+opt,randsum,65536,15104,5120,1227008
mac+omppfor+opt,sumprefix,65536,1024,4864,1703168
mac+omppfor+opt,randsum,1048576,11008,571904,13987840
mac+omppfor+opt,sumprefix,1048576,0,483072,25508864
mac+omppfor+opt,randsum,4194304,8192,3068928,58406912
mac+omppfor+opt,sumprefix,4194304,1024,2006016,104777984
slurm+omppfor,randsum,256,512,256,350464
slurm+omppfor,sumprefix,256,256,256,82432
slurm+omppfor,randsum,65536,17664,64256,11543296
slurm+omppfor,sumprefix,65536,10752,24832,2867456
slurm+omppfor,randsum,1048576,18176,513024,152289536
slurm+omppfor,sumprefix,1048576,10496,317440,34789888
slurm+omppfor,randsum,4194304,17664,1921792,394009344
slurm+omppfor,sumprefix,4194304,11264,1260288,136300288
slurm+omppfor,randsum,256,768,256,299264
slurm+omppfor,sumprefix,256,512,0,68352
slurm+omppfor,randsum,65536,18944,56832,12532992
slurm+omppfor,sumprefix,65536,9216,27392,2830592
slurm+omppfor,randsum,1048576,18432,513280,153817344
slurm+omppfor,sumprefix,1048576,9984,315392,34669824
slurm+omppfor,randsum,4194304,14336,1911296,394396160
slurm+omppfor,sumprefix,4194304,12032,1242880,136737024
slurm+omppfor,randsum,256,512,256,249856
slurm+omppfor,sumprefix,256,256,256,111360
slurm+omppfor,randsum,65536,30208,56576,9202944
slurm+omppfor,sumprefix,65536,10240,24320,3333376
slurm+omppfor,randsum,1048576,26112,511744,147908096
slurm+omppfor,sumprefix,1048576,9984,305664,29399040
slurm+omppfor,randsum,4194304,14080,1943040,410640896
slurm+omppfor,sumprefix,4194304,11264,1209600,135385344
slurm+omppfor,randsum,256,768,256,359936
slurm+omppfor,sumprefix,256,256,256,67840
slurm+omppfor,randsum,65536,14848,72960,9541376
slurm+omppfor,sumprefix,65536,10752,31232,3219200
slurm+omppfor,randsum,1048576,20480,511232,117656576
slurm+omppfor,sumprefix,1048576,9216,295168,33606144
slurm+omppfor,randsum,4194304,23808,1866240,410654720
slurm+omppfor,sumprefix,4194304,11520,1271040,133572352
slurm+omppfor,randsum,256,512,256,257792
slurm+omppfor,sumprefix,256,256,256,107264
slurm+omppfor,randsum,65536,19456,57344,12759040
slurm+omppfor,sumprefix,65536,9728,22016,3181056
slurm+omppfor,randsum,1048576,17920,505344,122399488
slurm+omppfor,sumprefix,1048576,9472,327936,33010432
slurm+omppfor,randsum,4194304,14848,1847552,402520832
slurm+omppfor,sumprefix,4194304,12032,1260544,135068928
slurm+omppfor,randsum,256,768,256,313600
slurm+omppfor,sumprefix,256,256,256,52992
slurm+omppfor,randsum,65536,16640,55296,12598528
slurm+omppfor,sumprefix,65536,8704,25600,3254272
slurm+omppfor,randsum,1048576,15616,523008,121620480
slurm+omppfor,sumprefix,1048576,9728,317440,34172416
slurm+omppfor,randsum,4194304,16128,1840896,396447232
slurm+omppfor,sumprefix,4194304,11264,1188352,136208128
slurm+omppfor,randsum,256,1024,512,323584
slurm+omppfor,sumprefix,256,256,256,69376
slurm+omppfor,randsum,65536,21248,66560,10273792
slurm+omppfor,sumprefix,65536,11008,31488,2799872
slurm+omppfor,randsum,1048576,23296,491776,151774464
slurm+omppfor,sumprefix,1048576,9984,308480,32632576
slurm+omppfor,randsum,4194304,13312,1884672,419544576
slurm+omppfor,sumprefix,4194304,11776,1238272,132581376
slurm+omppfor,randsum,256,768,256,261120
slurm+omppfor,sumprefix,256,256,256,61952
slurm+omppfor,randsum,65536,15616,62976,12154112
slurm+omppfor,sumprefix,65536,11008,32512,3251200
slurm+omppfor,randsum,1048576,22016,506624,118843136
slurm+omppfor,sumprefix,1048576,9984,305408,29009664
slurm+omppfor,randsum,4194304,13824,1915648,410009088
slurm+omppfor,sumprefix,4194304,12032,1232128,132136960
slurm+omppfor,randsum,256,512,256,280832
slurm+omppfor,sumprefix,256,256,0,87808
slurm+omppfor,randsum,65536,15616,67584,12084992
slurm+omppfor,sumprefix,65536,9472,23040,2933760
slurm+omppfor,randsum,1048576,16640,497152,154700288
slurm+omppfor,sumprefix,1048576,9472,294912,34596864
slurm+omppfor,randsum,4194304,19456,1879040,410470144
slurm+omppfor,sumprefix,4194304,11520,1223680,140763392
slurm+omppfor,randsum,256,512,256,214528
slurm+omppfor,sumprefix,256,256,256,82688
slurm+omppfor,randsum,65536,14336,54784,8706816
slurm+omppfor,sumprefix,65536,8704,24320,3390720
slurm+omppfor,randsum,1048576,16384,518912,151261696
slurm+omppfor,sumprefix,1048576,8960,307712,30475264
slurm+omppfor,randsum,4194304,16128,1852160,408784384
slurm+omppfor,sumprefix,4194304,11776,1216512,139746304
slurm+cuda,randsum,256,1024,256,242314240
slurm+cuda,sumprefix,256,256,256,18176
slurm+cuda,randsum,65536,12800,256,6984704
slurm+cuda,sumprefix,65536,512,256,2117888
slurm+cuda,randsum,1048576,22016,1024,68501504
slurm+cuda,sumprefix,1048576,512,256,22824448
slurm+cuda,randsum,4194304,25088,1536,173498112
slurm+cuda,sumprefix,4194304,256,1280,93650176
slurm+cuda,randsum,256,256,256,297264384
slurm+cuda,sumprefix,256,256,256,19712
slurm+cuda,randsum,65536,13568,512,7527168
slurm+cuda,sumprefix,65536,512,256,2120448
slurm+cuda,randsum,1048576,23296,1024,67123200
slurm+cuda,sumprefix,1048576,512,256,22784256
slurm+cuda,randsum,4194304,23040,1024,173060352
slurm+cuda,sumprefix,4194304,256,1280,93516032
slurm+cuda,randsum,256,512,256,233671424
slurm+cuda,sumprefix,256,256,256,15872
slurm+cuda,randsum,65536,11520,512,5969664
slurm+cuda,sumprefix,65536,512,512,2112768
slurm+cuda,randsum,1048576,20736,1024,68568576
slurm+cuda,sumprefix,1048576,512,256,22783232
slurm+cuda,randsum,4194304,24320,1536,173657088
slurm+cuda,sumprefix,4194304,256,1280,93346560
slurm+cuda,randsum,256,512,256,178734080
slurm+cuda,sumprefix,256,0,256,7936
slurm+cuda,randsum,65536,6400,256,3086592
slurm+cuda,sumprefix,65536,512,256,1392896
slurm+cuda,randsum,1048576,14080,512,44950784
slurm+cuda,sumprefix,1048576,512,768,22168064
slurm+cuda,randsum,4194304,27904,1280,176504576
slurm+cuda,sumprefix,4194304,256,1024,94265088
slurm+cuda,randsum,256,768,256,285889280
slurm+cuda,sumprefix,256,256,0,16128
slurm+cuda,randsum,65536,11520,512,6120448
slurm+cuda,sumprefix,65536,512,256,2115072
slurm+cuda,randsum,1048576,24832,1536,66391552
slurm+cuda,sumprefix,1048576,512,256,22765568
slurm+cuda,randsum,4194304,22272,1280,173051648
slurm+cuda,sumprefix,4194304,256,1024,93155328
slurm+cuda,randsum,256,512,256,233646592
slurm+cuda,sumprefix,256,256,0,17408
slurm+cuda,randsum,65536,13056,256,6523392
slurm+cuda,sumprefix,65536,512,256,2122240
slurm+cuda,randsum,1048576,23040,256,67258880
slurm+cuda,sumprefix,1048576,256,1024,22163968
slurm+cuda,randsum,4194304,23040,1536,174208512
slurm+cuda,sumprefix,4194304,512,1024,95510272
slurm+cuda,randsum,256,512,256,177154816
slurm+cuda,sumprefix,256,256,0,15360
slurm+cuda,randsum,65536,9216,256,5640704
slurm+cuda,sumprefix,65536,256,256,1425152
slurm+cuda,randsum,1048576,12800,256,44401920
slurm+cuda,sumprefix,1048576,512,1024,22178816
slurm+cuda,randsum,4194304,21504,1024,174749696
slurm+cuda,sumprefix,4194304,512,1280,94181120
slurm+cuda,randsum,256,512,256,266504704
slurm+cuda,sumprefix,256,256,0,16896
slurm+cuda,randsum,65536,12544,512,6812160
slurm+cuda,sumprefix,65536,512,256,2111488
slurm+cuda,randsum,1048576,23296,256,51886336
slurm+cuda,sumprefix,1048576,512,1024,22172928
slurm+cuda,randsum,4194304,29952,1024,174352384
slurm+cuda,sumprefix,4194304,512,1280,94324480
slurm+cuda,randsum,256,512,256,251165952
slurm+cuda,sumprefix,256,256,256,17664
slurm+cuda,randsum,65536,13824,512,6947072
slurm+cuda,sumprefix,65536,512,256,2115328
slurm+cuda,randsum,1048576,24320,1280,67245568
slurm+cuda,sumprefix,1048576,256,256,22841088
slurm+cuda,randsum,4194304,26112,1280,173191424
slurm+cuda,sumprefix,4194304,256,1024,93613568
slurm+cuda,randsum,256,512,256,181000704
slurm+cuda,sumprefix,256,512,256,18176
slurm+cuda,randsum,65536,12544,256,8118784
slurm+cuda,sumprefix,65536,256,256,1386752
slurm+cuda,randsum,1048576,14336,256,44476160
slurm+cuda,sumprefix,1048576,256,1024,22333696
slurm+cuda,randsum,4194304,21760,2048,174917120
slurm+cuda,sumprefix,4194304,256,1280,95867648
slurm+cuda,randsum,256,768,256,266941696
slurm+cuda,sumprefix,256,256,256,15360
slurm+cuda,randsum,65536,10496,512,5799424
slurm+cuda,sumprefix,65536,512,256,2119680
slurm+cuda,randsum,1048576,22784,1024,66778368
slurm+cuda,sumprefix,1048576,512,256,22930688
slurm+cuda,randsum,4194304,23552,1024,173088768
slurm+cuda,sumprefix,4194304,512,1280,93151744
